"","defensiveTeam","ES_name","playSide","n_plays","n_player_plays","setting_freq","meanTime","meanEIR","meanEPA"
"1","ARI","Ben Niemann","left",79,1,0.0126582278481013,1.5,71.4360778148905,1.524882882
"2","ARI","Cameron Thomas","left",79,1,0.0126582278481013,1.1,62.1052361383022,-0.590872389
"3","ARI","Christian Matthew","left",79,1,0.0126582278481013,0.7,80.3877531523787,-1.39818196
"4","ARI","Devon Kennard","left",79,2,0.0253164556962025,0.6,72.4664015022218,1.051749834
"5","ARI","J.J. Watt","left",79,2,0.0253164556962025,0.4,73.463306910888,-1.0053768945
"6","ARI","Jesse Luketa","left",79,2,0.0253164556962025,0.65,72.4623583573155,-0.0615119595
"7","ARI","Jonathan Ledbetter","left",79,1,0.0126582278481013,1.9,57.5647168914336,0.520677981
"8","ARI","Leki Fotu","left",79,1,0.0126582278481013,0.7,74.7604425470637,0.457902732
"9","ARI","Markus Golden","left",79,4,0.0506329113924051,1.1,67.789204549061,-0.9182523985
"10","ARI","Michael Dogbe","left",79,1,0.0126582278481013,0.7,61.8363379337535,0.633191683
"11","ARI","Rashard Lawrence","left",79,1,0.0126582278481013,1.2,69.1159163197398,-0.494083013
"12","ARI","Tanner Vallejo","left",79,1,0.0126582278481013,1.3,70.4263213255995,-0.326060534
"13","ARI","Victor Dimukeje","left",79,4,0.0506329113924051,0.925,65.5775683286474,0.43273208825
"14","ARI","Zach Allen","left",79,1,0.0126582278481013,0.9,83.0786809442451,-0.470215861
"15","ARI","Zaven Collins","left",79,8,0.10126582278481,0.7875,70.3412859159926,-0.1806935305
"16","ARI","Cameron Thomas","right",98,3,0.0306122448979592,0.633333333333333,74.3375441420996,-0.014490291
"17","ARI","Devon Kennard","right",98,2,0.0204081632653061,1.03333333333333,67.5956341899659,0.273628320666667
"18","ARI","J.J. Watt","right",98,7,0.0714285714285714,0.828571428571429,73.8145723572642,-0.0297554015714286
"19","ARI","Jesse Luketa","right",98,1,0.0102040816326531,1,83.1691103046002,-0.222884596
"20","ARI","Jonathan Ledbetter","right",98,2,0.0204081632653061,0.55,65.1510435424096,-0.029040117
"21","ARI","Markus Golden","right",98,3,0.0306122448979592,0.466666666666667,73.413264777971,0.143388490333333
"22","ARI","Michael Dogbe","right",98,2,0.0204081632653061,1.7,53.35083702349,0.776457478
"23","ARI","Myjai Sanders","right",98,1,0.0102040816326531,0.5,70.3605997636809,0.854560611
"24","ARI","Rashard Lawrence","right",98,1,0.0102040816326531,1,92.7356344710155,-0.999512205
"25","ARI","Victor Dimukeje","right",98,1,0.0102040816326531,0.3,71.591699686046,0.606792903
"26","ARI","Zach Allen","right",98,11,0.112244897959184,0.654545454545455,70.7495054844043,-0.280373679
"27","ARI","Zaven Collins","right",98,3,0.0306122448979592,1.1,71.9933433618354,-0.182611402666667
"28","ATL","Abdullah Anderson","left",100,1,0.01,0.8,64.2397420311687,2.804744983
"29","ATL","Adetokunbo Ogundeji","left",100,3,0.03,1.36666666666667,68.9013715657038,-0.98411582
"30","ATL","Anthony Rush","left",100,1,0.01,0.6,56.1445099973943,0.093078491
"31","ATL","Arnold Ebiketie","left",100,2,0.02,1.2,68.8487845904196,0.715218285
"32","ATL","DeAngelo Malone","left",100,1,0.01,1.1,74.6367264299925,0.120727619
"33","ATL","Grady Jarrett","left",100,5,0.05,1.6,72.4338191204044,-0.4734570378
"34","ATL","Jalen Dalton","left",100,1,0.01,0.5,72.6192682108902,-0.507217212
"35","ATL","Lorenzo Carter","left",100,12,0.12,0.491666666666667,71.9168820872187,-0.06474331
"36","ATL","Mykal Walker","left",100,5,0.05,0.82,71.2064218923623,0.407580951
"37","ATL","Rashaan Evans","left",100,1,0.01,1.4,60.3443467268239,-0.368704762
"38","ATL","Ta'Quon Graham","left",100,2,0.02,1.05,72.9909286274196,0.3304442465
"39","ATL","Timmy Horne","left",100,1,0.01,0.6,66.7767970618024,-0.056873675
"40","ATL","Abdullah Anderson","right",77,1,0.012987012987013,0.6,61.7831926711516,-0.014096454
"41","ATL","Adetokunbo Ogundeji","right",77,10,0.12987012987013,0.72,66.6891067443115,-0.0544918152
"42","ATL","Arnold Ebiketie","right",77,4,0.051948051948052,0.875,67.494720089953,-0.29961581025
"43","ATL","Grady Jarrett","right",77,3,0.038961038961039,0.6,65.3438006313284,-0.111514821333333
"44","ATL","Lorenzo Carter","right",77,1,0.012987012987013,0.4,68.134211834152,1.208457374
"45","ATL","Matt Dickerson","right",77,1,0.012987012987013,0.5,70.1192322159154,-0.102567385
"46","ATL","Mykal Walker","right",77,3,0.038961038961039,1.03333333333333,82.7855501307896,-0.194211681333333
"47","ATL","Ta'Quon Graham","right",77,4,0.051948051948052,0.775,72.7963291329447,-0.230573024
"48","ATL","Timmy Horne","right",77,1,0.012987012987013,0.2,72.352347518927,-0.404526915
"49","BAL","Brent Urban","left",57,2,0.0350877192982456,0.3,62.8081505005508,0.1816458405
"50","BAL","Broderick Washington","left",57,1,0.0175438596491228,0.9,69.6800141637333,-0.043005093
"51","BAL","Calais Campbell","left",57,4,0.0701754385964912,0.6,70.8539189422437,-0.01672131525
"52","BAL","Justin Houston","left",57,4,0.0701754385964912,0.775,74.9689616907009,-0.416434501
"53","BAL","Justin Madubuike","left",57,2,0.0350877192982456,0.55,64.2472040770745,-0.455665666
"54","BAL","Malik Harrison","left",57,2,0.0350877192982456,0.5,71.0684579628253,-0.793771485
"55","BAL","Michael Pierce","left",57,1,0.0175438596491228,1.2,76.0364027578464,-0.664749932
"56","BAL","Odafe Oweh","left",57,5,0.087719298245614,0.6,66.3716756851456,-0.273289791
"57","BAL","Travis Jones","left",57,1,0.0175438596491228,0.9,64.8242755805746,-0.41612782
"58","BAL","Brent Urban","right",58,2,0.0344827586206897,0.7,72.5423716509129,-0.288496178
"59","BAL","Calais Campbell","right",58,2,0.0344827586206897,0.65,62.4685099186305,-0.176750715
"60","BAL","Devon Kennard","right",58,1,0.0172413793103448,1.03333333333333,67.5956341899659,0.273628320666667
"61","BAL","Jason Pierre-Paul","right",58,4,0.0689655172413793,1.05,69.4504498253014,-0.425536728
"62","BAL","Justin Madubuike","right",58,1,0.0172413793103448,1.3,63.6237486673604,-0.478492554
"63","BAL","Malik Harrison","right",58,1,0.0172413793103448,0.4,68.7152469498019,-0.506953041
"64","BAL","Michael Pierce","right",58,2,0.0344827586206897,1.05,76.0975808946243,-0.700784519
"65","BAL","Odafe Oweh","right",58,4,0.0689655172413793,0.675,65.718034699856,0.10007999775
"66","BAL","Travis Jones","right",58,3,0.0517241379310345,1.8,74.1903799883602,-1.67256231866667
"67","BAL","Tyus Bowser","right",58,1,0.0172413793103448,0.6,64.9294029663733,-0.072229911
"68","BUF","A.J. Epenesa","left",74,7,0.0945945945945946,0.657142857142857,69.6628833043096,0.149567806428571
"69","BUF","Carlos Basham","left",74,1,0.0135135135135135,0.4,67.3636812729717,-0.973075363
"70","BUF","Ed Oliver","left",74,4,0.0540540540540541,0.975,72.1521073626733,-0.2108684955
"71","BUF","Gregory Rousseau","left",74,3,0.0405405405405405,0.433333333333333,75.8949267497752,-0.088095474
"72","BUF","Jordan Phillips","left",74,2,0.027027027027027,0.8,71.5033853535055,-0.087017353
"73","BUF","Matt Milano","left",74,1,0.0135135135135135,1.2,69.1261101994994,0.251176257
"74","BUF","Shaq Lawson","left",74,4,0.0540540540540541,0.675,65.7012284342129,-0.215261138
"75","BUF","Tim Settle","left",74,1,0.0135135135135135,0.8,77.510584618887,1.143228711
"76","BUF","Tremaine Edmunds","left",74,1,0.0135135135135135,1.5,82.4758238341487,1.852996814
"77","BUF","Von Miller","left",74,2,0.027027027027027,0.45,82.6287637249755,-0.1134732175
"78","BUF","A.J. Epenesa","right",40,1,0.025,0.4,70.7532968973391,-0.66323124
"79","BUF","Brandin Bryant","right",40,2,0.05,0.3,71.9864251596668,-0.7453873765
"80","BUF","Carlos Basham","right",40,3,0.075,0.666666666666667,73.0251305118019,-0.725200552333333
"81","BUF","DaQuan Jones","right",40,1,0.025,0.8,63.4381159220712,-0.447184482
"82","BUF","Ed Oliver","right",40,1,0.025,0.9,82.3049427973336,-0.042901202
"83","BUF","Gregory Rousseau","right",40,4,0.1,0.55,68.4504553085633,-0.5857836605
"84","BUF","Jordan Phillips","right",40,1,0.025,1.3,66.5804892971297,2.303890409
"85","BUF","Tim Settle","right",40,1,0.025,0.9,78.6252902481768,-0.249559607
"86","BUF","Von Miller","right",40,2,0.05,0.55,69.7703796571033,-0.0814811705
"87","CAR","Brian Burns","left",93,8,0.0860215053763441,0.7125,70.6913668118054,-0.488817751125
"88","CAR","Cory Littleton","left",93,1,0.010752688172043,0.3,67.1157061096925,-0.868407791
"89","CAR","Frankie Luvu","left",93,1,0.010752688172043,0.4,64.0134421104737,-0.279074339
"90","CAR","Henry Anderson","left",93,1,0.010752688172043,1.9,60.4631728336713,-0.468741389
"91","CAR","Marquan McCall","left",93,1,0.010752688172043,0.4,76.0637870300756,-0.808126262
"92","CAR","Marquis Haynes","left",93,5,0.0537634408602151,0.66,72.6698524486192,0.21594415
"93","CAR","Matt Ioannidis","left",93,7,0.0752688172043011,0.714285714285714,75.1285726335163,-0.232223175428571
"94","CAR","Shaq Thompson","left",93,3,0.032258064516129,0.966666666666667,68.7277734257655,-0.327886381
"95","CAR","Yetur Gross-Matos","left",93,7,0.0752688172043011,0.728571428571429,72.2209122215494,-0.219600925
"96","CAR","Brian Burns","right",80,8,0.1,0.725,67.6345121703915,-0.336870363875
"97","CAR","Cory Littleton","right",80,1,0.0125,0.7,66.3585110632723,-1.560982209
"98","CAR","Daviyon Nixon","right",80,1,0.0125,0.5,68.1674230218888,0.133907942
"99","CAR","Derrick Brown","right",80,2,0.025,1,62.1624535348567,-0.039103307
"100","CAR","Frankie Luvu","right",80,6,0.075,0.85,67.135656661306,-0.2437740515
"101","CAR","Henry Anderson","right",80,2,0.025,0.85,65.3508724537649,-0.451228325
"102","CAR","Marquis Haynes","right",80,2,0.025,0.45,59.9870731119856,-0.6456982435
"103","CAR","Matt Ioannidis","right",80,1,0.0125,0.3,71.3630948746609,0.820509357
"104","CAR","Shaq Thompson","right",80,1,0.0125,0.3,72.8465925252345,-0.457404648
"105","CAR","Tae Hayes","right",80,1,0.0125,0.7,65.4873154781322,-0.010766501
"106","CAR","Yetur Gross-Matos","right",80,6,0.075,0.65,68.2560594780342,0.107477217333333
"107","CHI","Al-Quadin Muhammad","left",77,5,0.0649350649350649,0.68,68.0914234783767,0.900553675
"108","CHI","Angelo Blackson","left",77,2,0.025974025974026,1,66.313134826343,0.4110876715
"109","CHI","Armon Watts","left",77,4,0.051948051948052,0.575,65.1836819258381,-0.3900921605
"110","CHI","Dominique Robinson","left",77,4,0.051948051948052,0.65,73.5670991048318,-0.33808468425
"111","CHI","Jack Sanborn","left",77,1,0.012987012987013,0.4,63.9734224852115,-0.56890507
"112","CHI","Joe Thomas","left",77,2,0.025974025974026,0.95,78.3357220699341,-0.2830125785
"113","CHI","Justin Jones","left",77,1,0.012987012987013,0.6,60.9236265341124,-0.904722113
"114","CHI","Matthew Adams","left",77,2,0.025974025974026,0.6,67.9390852727643,-0.4796949165
"115","CHI","Mike Pennel","left",77,2,0.025974025974026,1.1,77.181735771579,-0.1827897935
"116","CHI","Nicholas Morrow","left",77,1,0.012987012987013,1.2,64.4249092412725,-0.650304838
"117","CHI","Robert Quinn","left",77,3,0.038961038961039,0.7,76.1853426219809,-0.41799756825
"118","CHI","Roquan Smith","left",77,1,0.012987012987013,1,65.536931104144,0.385047507
"119","CHI","Trevis Gipson","left",77,3,0.038961038961039,0.5,68.4136418667652,-0.326802413
"120","CHI","Al-Quadin Muhammad","right",100,13,0.13,0.676923076923077,66.6681065100962,-0.105637883846154
"121","CHI","Angelo Blackson","right",100,2,0.02,1.1,75.9388028758443,-0.413429407
"122","CHI","Armon Watts","right",100,1,0.01,0.6,67.0746189473632,-1.350147238
"123","CHI","Joe Thomas","right",100,1,0.01,0.9,67.6009975899426,-0.337649132
"124","CHI","Justin Jones","right",100,2,0.02,0.35,68.647652921028,0.2339437915
"125","CHI","Kingsley Jonathan","right",100,1,0.01,0.2,57.9431731753817,0.541294576
"126","CHI","Mike Pennel","right",100,2,0.02,1,70.8800563280178,-0.2533799235
"127","CHI","Nicholas Morrow","right",100,3,0.03,1.03333333333333,76.7808779018246,-0.457656117666667
"128","CHI","Roquan Smith","right",100,1,0.01,1.1,65.8813486014689,0.110281669
"129","CHI","Trevis Gipson","right",100,8,0.08,0.7625,65.9353084795223,0.21847599175
"130","CIN","Akeem Davis-Gaither","left",123,1,0.00813008130081301,0.7,66.0609727323687,-0.256208055
"131","CIN","B.J. Hill","left",123,1,0.00813008130081301,1.2,66.8446437443175,-0.320377327
"132","CIN","Cam Sample","left",123,4,0.032520325203252,0.675,71.7597269996317,-0.1475912765
"133","CIN","Germaine Pratt","left",123,6,0.048780487804878,1.13333333333333,67.1473241340137,-0.0551850026666666
"134","CIN","Jay Tufele","left",123,1,0.00813008130081301,1.8,77.9474521381674,-0.59666874
"135","CIN","Joseph Ossai","left",123,7,0.056910569105691,0.614285714285714,69.5538904654844,0.421555337285714
"136","CIN","Josh Tupou","left",123,1,0.00813008130081301,0.7,71.1114147640388,0.923644378
"137","CIN","Markus Bailey","left",123,1,0.00813008130081301,0.9,48.8696593638191,0.486679697
"138","CIN","Sam Hubbard","left",123,2,0.016260162601626,0.7,76.7348249231452,-0.925710529
"139","CIN","Trey Hendrickson","left",123,12,0.0975609756097561,0.633333333333333,68.5166980935964,0.0131499729166667
"140","CIN","Zach Carter","left",123,9,0.0731707317073171,0.755555555555556,64.0377825067363,-0.371869922555556
"141","CIN","Akeem Davis-Gaither","right",108,1,0.00925925925925926,0.2,68.0642869277281,-0.460302717
"142","CIN","B.J. Hill","right",108,7,0.0648148148148148,0.785714285714286,68.443457210394,-0.156312200714286
"143","CIN","Cam Sample","right",108,3,0.0277777777777778,0.833333333333333,72.387568930523,-0.341405607333333
"144","CIN","Domenique Davis","right",108,1,0.00925925925925926,1.4,68.8633765226515,0.212325484
"145","CIN","Germaine Pratt","right",108,2,0.0185185185185185,0.65,61.2534724056675,-0.8374717575
"146","CIN","Joe Bachie","right",108,1,0.00925925925925926,1.4,72.8272315857845,0.699416164
"147","CIN","Logan Wilson","right",108,1,0.00925925925925926,1.5,82.9883529752234,0.377905563
"148","CIN","Mike Hilton","right",108,1,0.00925925925925926,2.6,43.4484603120724,0.965866923
"149","CIN","Sam Hubbard","right",108,23,0.212962962962963,0.752173913043478,66.3762497141282,-0.193076380869565
"150","CIN","Zach Carter","right",108,1,0.00925925925925926,0.2,60.6444083999248,-0.368417977
"151","CLE","Isaiah Thomas","left",71,3,0.0422535211267606,0.5,69.5923420251789,0.0854897536666667
"152","CLE","Jacob Phillips","left",71,1,0.0140845070422535,1.3,59.7252668990208,-0.377644355
"153","CLE","Jeremiah Owusu-Koramoah","left",71,1,0.0140845070422535,1.3,56.6873252882141,-0.621402455
"154","CLE","Jordan Elliott","left",71,5,0.0704225352112676,1.26,74.4826283451836,-0.332508418
"155","CLE","Martin Emerson","left",71,1,0.0140845070422535,2.3,47.7702995094631,-0.619250708
"156","CLE","Myles Garrett","left",71,5,0.0704225352112676,1.14,66.2999865320752,1.1796730746
"157","CLE","Perrion Winfrey","left",71,3,0.0422535211267606,1.06666666666667,76.3535748499014,0.466425261666667
"158","CLE","Sione Takitaki","left",71,2,0.028169014084507,0.55,79.6874825062327,-0.6542124725
"159","CLE","Taven Bryan","left",71,2,0.028169014084507,0.8,73.4112549049831,0.7184989165
"160","CLE","Tommy Togiai","left",71,1,0.0140845070422535,0.2,75.8462702569526,-0.400869964
"161","CLE","Alex Wright","right",70,3,0.0428571428571429,0.566666666666667,62.1930393946664,-0.134991435333333
"162","CLE","Anthony Walker","right",70,1,0.0142857142857143,1.2,55.3235149912406,-0.547196534
"163","CLE","Isaac Rochell","right",70,5,0.0714285714285714,0.54,62.5326233227092,0.3082100658
"164","CLE","Jacob Phillips","right",70,2,0.0285714285714286,1.95,62.0733867615176,0.5047019815
"165","CLE","Jadeveon Clowney","right",70,4,0.0571428571428571,0.45,70.2840104019801,0.426742047
"166","CLE","Jordan Elliott","right",70,4,0.0571428571428571,0.975,59.4967885188505,0.57392912875
"167","CLE","Myles Garrett","right",70,2,0.0285714285714286,0.85,66.1088233170235,-0.0916462555
"168","CLE","Sione Takitaki","right",70,1,0.0142857142857143,0.2,74.1015614475042,0.092619449
"169","CLE","Taven Bryan","right",70,3,0.0428571428571429,0.733333333333333,76.2014266532605,-0.040442259
"170","CLE","Tommy Togiai","right",70,1,0.0142857142857143,1.6,67.2322737841122,-0.134173314
"171","DAL","Anthony Barr","left",80,2,0.025,0.65,70.0695430173267,-0.174827079
"172","DAL","Chauncey Golston","left",80,2,0.025,1.25,67.7024651799396,-0.4483182845
"173","DAL","Donovan Wilson","left",80,1,0.0125,1.2,67.335767193718,-0.406138463
"174","DAL","Dorance Armstrong","left",80,4,0.05,0.475,72.8361962974319,-0.611150259
"175","DAL","Johnathan Hankins","left",80,1,0.0125,1,75.7077602757641,0.108840333
"176","DAL","Leighton Vander Esch","left",80,6,0.075,1.1,72.8554694025654,0.3220815795
"177","DAL","Micah Parsons","left",80,7,0.0875,0.571428571428571,75.7035837233789,-0.479603378714286
"178","DAL","Neville Gallimore","left",80,3,0.0375,1.13333333333333,67.9282500214055,-0.387772328
"179","DAL","Osa Odighizuwa","left",80,3,0.0375,0.666666666666667,64.2982528667252,1.27155509533333
"180","DAL","Trysten Hill","left",80,1,0.0125,0.5,62.2183824573123,-0.041256417
"181","DAL","Anthony Barr","right",86,2,0.0232558139534884,1.75,68.0664014474379,0.656674755
"182","DAL","Chauncey Golston","right",86,1,0.0116279069767442,1.1,77.190858891103,-0.827188964
"183","DAL","Dante Fowler","right",86,5,0.0581395348837209,0.58,75.0681455354337,0.1248171746
"184","DAL","Demarcus Lawrence","right",86,7,0.0813953488372093,0.557142857142857,71.4092090317909,-0.362896433714286
"185","DAL","Dorance Armstrong","right",86,2,0.0232558139534884,1.05,58.9658396399385,0.804575064
"186","DAL","Leighton Vander Esch","right",86,3,0.0348837209302326,1.93333333333333,64.4957032664688,0.051730784
"187","DAL","Micah Parsons","right",86,9,0.104651162790698,0.588888888888889,66.0927288382339,0.389028017666667
"188","DAL","Quinton Bohanna","right",86,1,0.0116279069767442,0.9,78.0237768490083,-0.365526281
"189","DAL","Trysten Hill","right",86,4,0.0465116279069767,1.15,68.8392547154956,-0.14162316975
"190","DEN","Baron Browning","left",92,6,0.0652173913043478,0.7,71.598281948481,-0.375019855666667
"191","DEN","Bradley Chubb","left",92,6,0.0652173913043478,0.722222222222222,70.906013327585,-0.400277570444444
"192","DEN","D.J. Jones","left",92,1,0.0108695652173913,1.2,67.5970469392163,0.017407384
"193","DEN","DeShawn Williams","left",92,4,0.0434782608695652,0.725,71.8286161761286,0.10256577175
"194","DEN","Eyioma Uwazurike","left",92,1,0.0108695652173913,0.8,74.8898785338261,0.161180385
"195","DEN","Jonathan Kongbo","left",92,1,0.0108695652173913,0.2,66.2590609517046,-0.131750429
"196","DEN","Josey Jewell","left",92,1,0.0108695652173913,1.1,62.4205943131782,-1.06145354
"197","DEN","K'Waun Williams","left",92,1,0.0108695652173913,2.2,64.2197278946789,0.95518575
"198","DEN","Matt Henningsen","left",92,5,0.0543478260869565,0.7,72.6674162363929,-0.086895274
"199","DEN","Mike Purcell","left",92,2,0.0217391304347826,0.45,66.728467181163,0.5043930665
"200","DEN","Nik Bonitto","left",92,2,0.0217391304347826,0.55,67.5876887209146,0.4111303075
"201","DEN","Randy Gregory","left",92,3,0.0326086956521739,1.06666666666667,76.6693134320663,0.230939205333333
"202","DEN","Alex Singleton","right",47,1,0.0212765957446809,1.2,72.3138437148478,0.072357309
"203","DEN","Baron Browning","right",47,1,0.0212765957446809,0.8,81.3816643965252,-0.621930263
"204","DEN","DeShawn Williams","right",47,1,0.0212765957446809,0.9,68.6379639977289,-0.201807847
"205","DEN","Dre'Mont Jones","right",47,6,0.127659574468085,0.566666666666667,68.3860978890592,-0.116001287166667
"206","DEN","Jonathon Cooper","right",47,2,0.0425531914893617,0.5,64.2485456529907,0.624316638
"207","DEN","Mike Purcell","right",47,3,0.0638297872340425,0.9,70.3892840060721,0.376819742666667
"208","DEN","Nik Bonitto","right",47,1,0.0212765957446809,0.8,77.3322511053751,-0.339110917
"209","DEN","Randy Gregory","right",47,1,0.0212765957446809,0.6,70.6427327645593,-0.392895575
"210","DET","Aidan Hutchinson","left",122,9,0.0737704918032787,0.566666666666667,70.0447805044538,0.219095617888889
"211","DET","Alex Anzalone","left",122,3,0.0245901639344262,1.26666666666667,61.8679928020159,1.05858689466667
"212","DET","Alim McNeill","left",122,3,0.0245901639344262,0.8,70.2157928362931,-0.0838840896666667
"213","DET","Benito Jones","left",122,1,0.00819672131147541,1.2,66.002764689669,-0.566648084
"214","DET","Charles Harris","left",122,4,0.0327868852459016,0.5,65.95060310468,0.33552234475
"215","DET","Chris Board","left",122,1,0.00819672131147541,0.6,65.5577624300767,-0.608576784
"216","DET","Isaiah Buggs","left",122,8,0.0655737704918033,0.875,71.3866103213375,0.296102115875
"217","DET","John Cominsky","left",122,1,0.00819672131147541,0.6,75.949298495116,-0.838155988
"218","DET","Josh Paschal","left",122,1,0.00819672131147541,0.6,69.5876518831325,-0.180180676
"219","DET","Julian Okwara","left",122,5,0.040983606557377,0.7,68.622946292313,-0.0891995062
"220","DET","Malcolm Rodriguez","left",122,4,0.0327868852459016,0.8,70.6752392882995,-0.649509657
"221","DET","Michael Brockers","left",122,1,0.00819672131147541,0.4,80.6169638333706,1.674509647
"222","DET","Aidan Hutchinson","right",58,8,0.137931034482759,0.65,70.3096657633645,-0.469150880625
"223","DET","Alex Anzalone","right",58,1,0.0172413793103448,0.6,53.2922250950222,0.374660895
"224","DET","Alim McNeill","right",58,2,0.0344827586206897,0.5,77.7855757835272,1.2730578575
"225","DET","Charles Harris","right",58,1,0.0172413793103448,0.7,63.7421802496753,0.627154857
"226","DET","Isaiah Buggs","right",58,4,0.0689655172413793,0.975,71.7893276760498,0.08072426425
"227","DET","John Cominsky","right",58,1,0.0172413793103448,0.9,69.8267239863864,0.347226633
"228","DET","Josh Paschal","right",58,1,0.0172413793103448,0.4,65.4094581199537,0.715211408
"229","DET","Malcolm Rodriguez","right",58,2,0.0344827586206897,1.5,61.1517709010784,1.102795566
"230","GB","De'Vondre Campbell","left",81,1,0.0123456790123457,1,77.2713017969235,-0.354168355
"231","GB","Dean Lowry","left",81,2,0.0246913580246914,0.7,74.785838442952,-0.2529920435
"232","GB","Jarran Reed","left",81,1,0.0123456790123457,1.1,74.7186428537961,-0.33647436
"233","GB","Jonathan Garvin","left",81,2,0.0246913580246914,0.55,64.9040842874901,1.023185271
"234","GB","Kenny Clark","left",81,2,0.0246913580246914,0.65,72.3159406604843,0.264944407
"235","GB","Kingsley Enagbare","left",81,4,0.0493827160493827,0.7,71.6012112119739,-0.199689444
"236","GB","Ladarius Hamilton","left",81,1,0.0123456790123457,0.4,80.6802100192756,-0.363367071
"237","GB","Preston Smith","left",81,11,0.135802469135802,0.554545454545455,72.317494178144,-0.231239396181818
"238","GB","Rashan Gary","left",81,4,0.0493827160493827,0.625,72.4239031901045,-0.27568257275
"239","GB","Tedarrell Slaton","left",81,2,0.0246913580246914,1,67.2379004692494,-0.0258997655
"240","GB","De'Vondre Campbell","right",74,1,0.0135135135135135,1,61.2022370332599,-0.562083201
"241","GB","Dean Lowry","right",74,6,0.0810810810810811,0.45,67.8810443496897,0.175681006666667
"242","GB","Devonte Wyatt","right",74,1,0.0135135135135135,0.2,66.1099480210364,-0.165317639
"243","GB","Eric Stokes","right",74,1,0.0135135135135135,0.6,46.3775325109004,-0.440126997
"244","GB","Eric Wilson","right",74,1,0.0135135135135135,1.6,69.648085249428,0.133581758
"245","GB","Jarran Reed","right",74,1,0.0135135135135135,1.1,88.4615877750869,0.099156635
"246","GB","Jonathan Garvin","right",74,3,0.0405405405405405,0.733333333333333,69.1928810091444,0.108078539333333
"247","GB","Kenny Clark","right",74,4,0.0540540540540541,0.775,69.9249956398206,-0.027286998
"248","GB","Kingsley Enagbare","right",74,1,0.0135135135135135,0.8,72.8182003040468,-0.321683272
"249","GB","Krys Barnes","right",74,1,0.0135135135135135,1.6,71.1270151973748,0.458370281
"250","GB","Ladarius Hamilton","right",74,1,0.0135135135135135,1.5,77.6888100221046,-0.457977823
"251","GB","Preston Smith","right",74,2,0.027027027027027,0.85,72.6813269480431,0.0273280865
"252","GB","Quay Walker","right",74,2,0.027027027027027,0.7,65.106492189867,-0.3284673355
"253","GB","Rashan Gary","right",74,2,0.027027027027027,1.15,65.496223638332,-0.2353133155
"254","HOU","Blake Cashman","left",100,2,0.02,0.5,79.637145154348,-1.1520567765
"255","HOU","Christian Harris","left",100,1,0.01,2,43.5612470483869,-0.300893361
"256","HOU","Christian Kirksey","left",100,1,0.01,2.4,58.8327390066216,0.868395838
"257","HOU","Demone Harris","left",100,2,0.02,0.95,63.625911419331,-0.2280617985
"258","HOU","Garret Wallow","left",100,1,0.01,0.2,73.2302165201875,-0.885112894
"259","HOU","Jaleel Johnson","left",100,2,0.02,0.75,73.4982357601109,2.167607172
"260","HOU","Jalen Pitre","left",100,1,0.01,0.9,67.3231918453951,-0.813715856
"261","HOU","Jerry Hughes","left",100,5,0.05,0.7,65.2318680282939,-0.0778556742
"262","HOU","Jonathan Greenard","left",100,1,0.01,0.5,73.097515235671,-0.009264235
"263","HOU","Kurt Hinish","left",100,3,0.03,1.03333333333333,66.9618612471202,0.0762276443333333
"264","HOU","Maliek Collins","left",100,1,0.01,1,70.3704966026747,0.556783141
"265","HOU","Neville Hewitt","left",100,2,0.02,1.4,54.8372118644322,0.1154155635
"266","HOU","Ogbonnia Okoronkwo","left",100,7,0.07,0.4,72.5293223591584,0.511759017
"267","HOU","Rasheem Green","left",100,1,0.01,1.3,59.2585091185277,0.132386239
"268","HOU","Roy Lopez","left",100,5,0.05,0.94,69.9916525989965,-0.079074371
"269","HOU","Steven Nelson","left",100,1,0.01,1.6,54.2920139659524,-0.33479003
"270","HOU","Thomas Booker","left",100,1,0.01,1,61.5870401760507,3.734231131
"271","HOU","Blake Cashman","right",90,2,0.0222222222222222,0.95,65.3568518402479,0.983207646
"272","HOU","Christian Kirksey","right",90,3,0.0333333333333333,1.16666666666667,56.4258019865975,1.004839181
"273","HOU","Garret Wallow","right",90,3,0.0333333333333333,0.666666666666667,62.7759122035516,-0.332756044333333
"274","HOU","Jaleel Johnson","right",90,1,0.0111111111111111,0.3,75.6650660061337,-0.704513208
"275","HOU","Jerry Hughes","right",90,7,0.0777777777777778,0.557142857142857,65.0031220740337,-0.121728049
"276","HOU","Jonathan Greenard","right",90,1,0.0111111111111111,0.8,57.792053383141,-1.142849621
"277","HOU","Kamu Grugier-Hill","right",90,1,0.0111111111111111,0.2,57.6011439530701,-0.585991024
"278","HOU","Kurt Hinish","right",90,3,0.0333333333333333,0.733333333333333,66.9934023807071,1.59305789
"279","HOU","Maliek Collins","right",90,2,0.0222222222222222,0.7,75.7232533759627,-0.738397877
"280","HOU","Mario Addison","right",90,2,0.0222222222222222,0.65,69.2966995886244,0.869188392
"281","HOU","Neville Hewitt","right",90,1,0.0111111111111111,1.1,53.038612128156,0.157462958
"282","HOU","Ogbonnia Okoronkwo","right",90,2,0.0222222222222222,0.2,62.792299606919,0.1742353845
"283","HOU","Rasheem Green","right",90,3,0.0333333333333333,0.7,62.7827802837993,0.078571004
"284","HOU","Roy Lopez","right",90,1,0.0111111111111111,1,84.3109023033484,-1.031323302
"285","HOU","Steven Nelson","right",90,1,0.0111111111111111,2,75.9582843811328,0.532103238
"286","HOU","Thomas Booker","right",90,1,0.0111111111111111,0.7,70.6116634316773,0.645448345
"287","IND","Ben Banogu","left",62,3,0.0483870967741935,0.466666666666667,74.1280503580783,-0.771228993666667
"288","IND","Bobby Okereke","left",62,2,0.032258064516129,1.05,70.4917567282864,-0.6639307655
"289","IND","DeForest Buckner","left",62,5,0.0806451612903226,0.88,72.6400837792016,-0.1328964078
"290","IND","Grover Stewart","left",62,1,0.0161290322580645,0.7,74.226270363633,1.115285681
"291","IND","Ifeadi Odenigbo","left",62,3,0.0483870967741935,0.466666666666667,70.7183204095488,-0.312900795333333
"292","IND","Shaquille Leonard","left",62,1,0.0161290322580645,1.7,63.225033329442,-1.064591256
"293","IND","Yannick Ngakoue","left",62,10,0.161290322580645,0.48,67.1513196186973,-0.4053647844
"294","IND","Zaire Franklin","left",62,1,0.0161290322580645,0.8,53.703748671429,-0.401079765
"295","IND","Bobby Okereke","right",111,1,0.00900900900900901,1,67.9142698658996,0.631297244
"296","IND","Byron Cowart","right",111,1,0.00900900900900901,1.2,51.5428554658429,-0.418833544
"297","IND","Dayo Odeyingbo","right",111,5,0.045045045045045,0.56,70.4112505328113,0.34005949
"298","IND","DeForest Buckner","right",111,4,0.036036036036036,0.975,62.4165086887432,0.029573152
"299","IND","E.J. Speed","right",111,1,0.00900900900900901,0.5,62.8438238540432,1.473394168
"300","IND","Grover Stewart","right",111,5,0.045045045045045,1.14,74.985392892412,-0.2662354902
"301","IND","Ifeadi Odenigbo","right",111,2,0.018018018018018,0.35,68.3183283023644,-0.9368603425
"302","IND","Kwity Paye","right",111,12,0.108108108108108,0.583333333333333,68.3651300066671,-0.15767139925
"303","IND","Shaquille Leonard","right",111,1,0.00900900900900901,1.7,59.3732267643233,0.518491334
"304","IND","Tyquan Lewis","right",111,8,0.0720720720720721,0.65,71.2630721468837,-0.138183869875
"305","IND","Yannick Ngakoue","right",111,2,0.018018018018018,1.2,63.1037501271232,-0.413176771
"306","JAX","Adam Gotsis","left",126,1,0.00793650793650794,0.7,65.8786486317793,0.203804195
"307","JAX","Arden Key","left",126,3,0.0238095238095238,0.466666666666667,65.0480807653852,0.380810048333333
"308","JAX","Corey Peters","left",126,4,0.0317460317460317,0.65,71.6804574897687,-0.05370979325
"309","JAX","Davon Hamilton","left",126,4,0.0317460317460317,0.925,73.5400630751667,0.2636934965
"310","JAX","De'Shaan Dixon","left",126,2,0.0158730158730159,1.1,79.2246188574398,-0.119148231
"311","JAX","Devin Lloyd","left",126,2,0.0158730158730159,0.4,69.0195407174004,-1.0462256005
"312","JAX","Folorunso Fatukasi","left",126,2,0.0158730158730159,0.7,75.9623997072995,-0.434334569
"313","JAX","Foyesade Oluokun","left",126,1,0.00793650793650794,1.4,75.3414054010861,0.04109424
"314","JAX","Josh Allen","left",126,10,0.0793650793650794,0.66,73.904426922222,-0.2467517665
"315","JAX","Roy Robertson-Harris","left",126,10,0.0793650793650794,0.53,71.8188124481339,0.3238042429
"316","JAX","Travon Walker","left",126,4,0.0317460317460317,0.475,65.5734470098581,0.000803389749999994
"317","JAX","Adam Gotsis","right",69,5,0.072463768115942,0.84,77.1995239080599,-0.144913668
"318","JAX","Corey Peters","right",69,1,0.0144927536231884,1.7,63.4990811362759,-0.529114716
"319","JAX","Davon Hamilton","right",69,2,0.0289855072463768,1,77.8004736457222,0.00171421250000003
"320","JAX","Dawuane Smoot","right",69,1,0.0144927536231884,0.5,66.0360333713245,-0.377679855
"321","JAX","Folorunso Fatukasi","right",69,3,0.0434782608695652,1.93333333333333,71.2937075887124,0.297292149333333
"322","JAX","Foyesade Oluokun","right",69,2,0.0289855072463768,1.65,65.6562716564542,-0.517597387
"323","JAX","Roy Robertson-Harris","right",69,2,0.0289855072463768,0.95,76.8501395544246,-0.0694163985
"324","JAX","Travon Walker","right",69,7,0.101449275362319,0.657142857142857,67.587918238095,-0.329955379857143
"325","KC","Chris Jones","left",28,2,0.0714285714285714,0.95,74.840949152177,0.319854013
"326","KC","Derrick Nnadi","left",28,2,0.0714285714285714,0.9,70.0481636643853,-0.0974186325
"327","KC","Frank Clark","left",28,2,0.0714285714285714,0.85,70.2492884323522,-0.2163021385
"328","KC","George Karlaftis","left",28,2,0.0714285714285714,1.15,63.9997734178932,-1.1899146975
"329","KC","Malik Herring","left",28,1,0.0357142857142857,0.8,72.0217313475733,-0.467061432
"330","KC","Michael Danna","left",28,1,0.0357142857142857,0.7,69.6059590082266,1.391791965
"331","KC","Willie Gay","left",28,1,0.0357142857142857,0.5,66.8110601821167,-0.749870933
"332","KC","Carlos Dunlap","right",88,7,0.0795454545454545,0.871428571428571,69.0399602099578,-0.314175171714286
"333","KC","Chris Jones","right",88,5,0.0568181818181818,0.86,76.8375712841917,-0.832071778
"334","KC","Darius Harris","right",88,2,0.0227272727272727,0.7,60.2203913033078,1.574868856
"335","KC","Derrick Nnadi","right",88,3,0.0340909090909091,1.1,75.9146708703387,0.388215511666667
"336","KC","Frank Clark","right",88,4,0.0454545454545455,0.95,68.3895856534439,0.01541876575
"337","KC","George Karlaftis","right",88,2,0.0227272727272727,0.4,66.7690834704405,0.520454873
"338","KC","Khalen Saunders","right",88,1,0.0113636363636364,0.7,77.054350110545,-0.581514677
"339","KC","Malik Herring","right",88,1,0.0113636363636364,0.5,68.0318632173988,0.431891493
"340","KC","Michael Danna","right",88,2,0.0227272727272727,0.8,70.0869988727458,-0.1152886385
"341","KC","Nick Bolton","right",88,2,0.0227272727272727,1.6,56.9865986005275,0.325535903
"342","KC","Tershawn Wharton","right",88,1,0.0113636363636364,0.8,73.164627543073,0.40081399
"343","KC","Willie Gay","right",88,1,0.0113636363636364,0.7,70.3214565791041,-0.419844261
"344","LA","A'Shawn Robinson","left",73,1,0.0136986301369863,0.5,72.108701993359,-1.871540554
"345","LA","Aaron Donald","left",73,3,0.0410958904109589,0.833333333333333,73.5538728287124,-0.625272454
"346","LA","Bobby Wagner","left",73,1,0.0136986301369863,0.3,66.2044330575675,2.268639103
"347","LA","Greg Gaines","left",73,1,0.0136986301369863,0.3,70.3167280448852,0.832223007
"348","LA","Justin Hollins","left",73,12,0.164383561643836,0.791666666666667,68.3621845927644,-0.123784427416667
"349","LA","Leonard Floyd","left",73,1,0.0136986301369863,0.6,61.3091968614076,-0.442307484
"350","LA","Marquise Copeland","left",73,4,0.0547945205479452,0.8,65.1776809297386,0.2144322005
"351","LA","Taylor Rapp","left",73,1,0.0136986301369863,3.3,47.6940507594985,-0.534963049
"352","LA","Terrell Lewis","left",73,2,0.0273972602739726,0.45,66.7953127075883,1.906861942
"353","LA","A'Shawn Robinson","right",98,4,0.0408163265306122,1,68.6994219653027,-0.2019415665
"354","LA","Aaron Donald","right",98,8,0.0816326530612245,0.55,69.5966051587745,-0.405442885625
"355","LA","Bobby Wagner","right",98,1,0.0102040816326531,1.5,72.2036777192261,-0.054717398
"356","LA","Ernest Jones","right",98,1,0.0102040816326531,2,57.6127153489635,1.695921745
"357","LA","Jonah Williams","right",98,4,0.0408163265306122,0.85,78.6904846135071,-0.00157283550000001
"358","LA","Justin Hollins","right",98,1,0.0102040816326531,1.8,59.8723408916574,-0.665213635
"359","LA","Leonard Floyd","right",98,8,0.0816326530612245,0.95,64.3023960054582,-0.5892891235
"360","LA","Marquise Copeland","right",98,3,0.0306122448979592,0.6,54.7839023229713,1.66227172166667
"361","LA","Takkarist McKinley","right",98,1,0.0102040816326531,1.2,59.4742511208819,-0.335538648
"362","LA","Terrell Lewis","right",98,2,0.0204081632653061,0.95,72.350320425948,-0.59662384
"363","LAC","Austin Johnson","left",117,2,0.0170940170940171,1.05,61.064525586767,-0.159162978
"364","LAC","Chris Rumph","left",117,4,0.0341880341880342,0.8,69.3389834129872,0.24448170975
"365","LAC","Christian Covington","left",117,2,0.0170940170940171,0.5,69.7187764135213,-0.2688687525
"366","LAC","Derrek Tuszka","left",117,2,0.0170940170940171,0.7,75.9717276937575,-0.1261849625
"367","LAC","Derwin James","left",117,1,0.00854700854700855,2.1,56.85761114352,-0.529101842
"368","LAC","Drue Tranquill","left",117,1,0.00854700854700855,1.3,77.8453835151902,-0.889438664
"369","LAC","Jerry Tillery","left",117,4,0.0341880341880342,0.925,67.9148183999217,0.055241775
"370","LAC","Kenneth Murray","left",117,3,0.0256410256410256,1,63.4163802029498,0.555960696
"371","LAC","Khalil Mack","left",117,7,0.0598290598290598,0.628571428571429,72.5667730066069,0.252763028142857
"372","LAC","Kyle Van Noy","left",117,8,0.0683760683760684,0.75,67.737364718097,0.135766891625
"373","LAC","Morgan Fox","left",117,2,0.0170940170940171,0.55,62.0965846653095,0.9489718135
"374","LAC","Otito Ogbonnia","left",117,4,0.0341880341880342,0.675,60.1333645654207,-0.0554705575
"375","LAC","Sebastian Joseph","left",117,4,0.0341880341880342,1.25,68.1424422409774,-0.0922389495
"376","LAC","Austin Johnson","right",63,3,0.0476190476190476,1.4,55.2694413449495,0.136107684666667
"377","LAC","Chris Rumph","right",63,4,0.0634920634920635,0.75,66.8671620949458,-0.21630765025
"378","LAC","Christian Covington","right",63,1,0.0158730158730159,1.6,67.4000516378754,0.287946803
"379","LAC","Khalil Mack","right",63,6,0.0952380952380952,0.65,67.1545065619821,-0.4127606205
"380","LAC","Kyle Van Noy","right",63,8,0.126984126984127,0.725,65.2078852921354,-0.22362051175
"381","LAC","Morgan Fox","right",63,1,0.0158730158730159,1.6,66.8613402328335,0.971597375
"382","LAC","Otito Ogbonnia","right",63,1,0.0158730158730159,0.3,69.5893537853645,0.804552769
"383","LV","Bilal Nichols","left",95,4,0.0421052631578947,0.9,66.2140142788942,-0.683048678
"384","LV","Chandler Jones","left",95,10,0.105263157894737,0.55,69.0752417150467,0.2811242386
"385","LV","Clelin Ferrell","left",95,7,0.0736842105263158,0.642857142857143,69.3433096888002,-0.330084388285714
"386","LV","Denzel Perryman","left",95,2,0.0210526315789474,1.15,67.4608140135921,0.485561404
"387","LV","Divine Deablo","left",95,1,0.0105263157894737,0.9,68.8007751794779,0.138434967
"388","LV","Jayon Brown","left",95,3,0.0315789473684211,1.2,71.4256453690747,0.159593092333333
"389","LV","Kendal Vickers","left",95,3,0.0315789473684211,0.766666666666667,66.9250912305198,0.152984180333333
"390","LV","Malcolm Koonce","left",95,1,0.0105263157894737,1.1,58.7403976260514,-0.036099088
"391","LV","Neil Farrell","left",95,2,0.0210526315789474,1,75.3628165232097,0.4491003785
"392","LV","Andrew Billings","right",80,3,0.0375,0.6,67.6273305878538,-0.591409014
"393","LV","Bilal Nichols","right",80,2,0.025,1.2,72.0026437030607,0.9664183015
"394","LV","Blake Martinez","right",80,1,0.0125,0.6,54.6618917282409,0.489939433
"395","LV","Chandler Jones","right",80,1,0.0125,0.3,61.4711453529542,-0.004915431
"396","LV","Divine Deablo","right",80,3,0.0375,0.333333333333333,66.7743637441282,-0.460505303
"397","LV","Jayon Brown","right",80,1,0.0125,1,68.5733833560104,-0.917703103
"398","LV","Johnathan Abram","right",80,1,0.0125,0.9,71.3314351886828,-0.753767774
"399","LV","Johnathan Hankins","right",80,1,0.0125,1.3,84.5787346214626,-0.543301036
"400","LV","Malcolm Koonce","right",80,2,0.025,0.75,66.2854979626058,0.194201171
"401","LV","Maxx Crosby","right",80,13,0.1625,0.630769230769231,73.8293967190391,-0.0816273553846154
"402","LV","Roderic Teamer","right",80,1,0.0125,1,67.77002839579,1.101242643
"403","MIA","Andrew Van Ginkel","left",132,2,0.0151515151515152,0.55,67.4766450730636,-0.298634183
"404","MIA","Bradley Chubb","left",132,3,0.0227272727272727,0.722222222222222,70.906013327585,-0.400277570444444
"405","MIA","Christian Wilkins","left",132,2,0.0151515151515152,0.65,70.9104257030715,-0.8263570945
"406","MIA","Elandon Roberts","left",132,1,0.00757575757575758,2,79.1383640924101,-0.620781464
"407","MIA","Emmanuel Ogbah","left",132,5,0.0378787878787879,0.6,68.8507944737257,0.6091352292
"408","MIA","Jaelan Phillips","left",132,11,0.0833333333333333,0.654545454545455,73.1285180605705,-0.384882461454545
"409","MIA","Jerome Baker","left",132,2,0.0151515151515152,0.95,62.6770841970952,0.122218903
"410","MIA","Melvin Ingram","left",132,3,0.0227272727272727,0.866666666666667,68.778893085394,-0.543617732666667
"411","MIA","Raekwon Davis","left",132,3,0.0227272727272727,0.8,78.6654383779132,0.426132575333333
"412","MIA","Trey Flowers","left",132,1,0.00757575757575758,0.9,76.2621038823883,0.19938033
"413","MIA","Zach Sieler","left",132,10,0.0757575757575758,0.82,68.6015272698901,-0.200921714
"414","MIA","Christian Wilkins","right",80,4,0.05,0.65,72.0031127359993,-0.3426480195
"415","MIA","Elandon Roberts","right",80,2,0.025,0.85,75.3779471577536,-0.0305135945
"416","MIA","Emmanuel Ogbah","right",80,5,0.0625,0.88,70.4589439333944,-0.2898439496
"417","MIA","Jaelan Phillips","right",80,3,0.0375,0.9,72.9889293662549,-0.394714724666667
"418","MIA","Jerome Baker","right",80,8,0.1,0.925,62.2681561522714,-0.33583524525
"419","MIA","John Jenkins","right",80,1,0.0125,0.6,74.4022962557494,-0.037279802
"420","MIA","Melvin Ingram","right",80,2,0.025,0.6,67.7681304405959,-0.3315949455
"421","MIA","Raekwon Davis","right",80,1,0.0125,1.7,72.7510207179231,-0.259865047
"422","MIA","Zach Sieler","right",80,1,0.0125,0.9,80.9043599437847,-1.011039291
"423","MIN","D.J. Wonnum","left",67,5,0.0746268656716418,0.82,71.228947454159,0.0281985804
"424","MIN","Dalvin Tomlinson","left",67,2,0.0298507462686567,0.95,70.521277706318,-0.3934741285
"425","MIN","Danielle Hunter","left",67,3,0.0447761194029851,0.8,64.164428645836,-0.435434725333333
"426","MIN","Harrison Phillips","left",67,3,0.0447761194029851,0.6,71.4913824094318,-0.122053114
"427","MIN","James Lynch","left",67,2,0.0298507462686567,0.8,68.8801247344151,-1.690399453
"428","MIN","Jordan Hicks","left",67,3,0.0447761194029851,1.33333333333333,61.5046351215191,0.724974061
"429","MIN","Patrick Jones","left",67,2,0.0298507462686567,0.5,76.0821583918372,-0.0297139355
"430","MIN","Za'Darius Smith","left",67,5,0.0746268656716418,0.48,70.755571346963,-0.3723731216
"431","MIN","Dalvin Tomlinson","right",55,1,0.0181818181818182,1.2,66.475599936468,-0.020117307
"432","MIN","Danielle Hunter","right",55,9,0.163636363636364,0.666666666666667,67.8017586370904,0.162602307
"433","MIN","Eric Kendricks","right",55,1,0.0181818181818182,1,67.1301526838844,0.117064155
"434","MIN","Harrison Phillips","right",55,2,0.0363636363636364,0.7,71.8915008101776,0.00776872200000001
"435","MIN","Jonathan Bullard","right",55,3,0.0545454545454545,0.7,70.5897352359615,0.357836367333333
"436","MIN","Patrick Jones","right",55,2,0.0363636363636364,0.95,71.8347190411438,-0.2434654035
"437","MIN","Za'Darius Smith","right",55,2,0.0363636363636364,0.8,70.4897218777194,0.4705500415
"438","NE","Anfernee Jennings","left",93,6,0.0645161290322581,0.533333333333333,67.2256099383951,-0.118686508666667
"439","NE","Carl Davis","left",93,3,0.032258064516129,0.8,69.692548966683,-0.435378581333333
"440","NE","Davon Godchaux","left",93,3,0.032258064516129,1.36666666666667,69.7134456216944,0.0332967986666667
"441","NE","Deatrich Wise","left",93,7,0.0752688172043011,1.18571428571429,64.5215396757421,0.159470981142857
"442","NE","Ja'Whaun Bentley","left",93,2,0.021505376344086,1.15,76.2321625224058,-0.374078995
"443","NE","Jahlani Tavai","left",93,7,0.0752688172043011,1.11428571428571,72.4658150111445,0.122391490857143
"444","NE","Jamie Collins","left",93,2,0.021505376344086,0.8,79.972361164657,-0.368180767
"445","NE","Lawrence Guy","left",93,1,0.010752688172043,0.2,72.3842798289108,0.586264944
"446","NE","Mack Wilson","left",93,1,0.010752688172043,1.1,79.0105704790416,-0.034322971
"447","NE","Matt Judon","left",93,3,0.032258064516129,0.9,63.9852266030577,-0.479663257
"448","NE","Anfernee Jennings","right",98,8,0.0816326530612245,0.8,68.4949593927818,-0.525138933875
"449","NE","Christian Barmore","right",98,2,0.0204081632653061,0.85,76.7238684466447,-0.796330941
"450","NE","Daniel Ekuale","right",98,2,0.0204081632653061,1.05,75.9107236001811,-0.8201346465
"451","NE","Davon Godchaux","right",98,1,0.0102040816326531,1.2,83.1999562002014,-0.060112902
"452","NE","Deatrich Wise","right",98,5,0.0510204081632653,0.86,65.1202110937828,-0.0598057084
"453","NE","Jahlani Tavai","right",98,6,0.0612244897959184,0.7,65.9812932888908,-0.227343302166667
"454","NE","Lawrence Guy","right",98,3,0.0306122448979592,0.9,72.7861925824737,-0.11701206
"455","NE","Matt Judon","right",98,11,0.112244897959184,0.881818181818182,65.2027472297229,-0.312391090909091
"456","NO","Carl Granderson","left",54,5,0.0925925925925926,0.84,71.9729053022066,0.1898707666
"457","NO","David Onyemata","left",54,2,0.037037037037037,1.35,78.3255227543766,-0.083385251
"458","NO","Kaden Elliss","left",54,2,0.037037037037037,0.55,75.4546537011585,0.0333053525
"459","NO","Kentavius Street","left",54,1,0.0185185185185185,0.7,65.4064170060184,-0.375932387
"460","NO","Marcus Davenport","left",54,5,0.0925925925925926,0.96,69.4630592740651,-0.5405499542
"461","NO","Payton Turner","left",54,1,0.0185185185185185,0.9,71.1154052014546,-0.461323015
"462","NO","Shy Tuttle","left",54,2,0.037037037037037,1.35,61.0232895140058,0.419552574
"463","NO","Cameron Jordan","right",79,11,0.139240506329114,0.563636363636364,68.2611736418069,0.0393937227272727
"464","NO","David Onyemata","right",79,3,0.0379746835443038,0.9,72.1166141831985,-0.588992477
"465","NO","Demario Davis","right",79,2,0.0253164556962025,0.8,78.5385158197516,0.5456397595
"466","NO","Kaden Elliss","right",79,1,0.0126582278481013,0.3,55.7204415363435,-0.327754285
"467","NO","Kentavius Street","right",79,4,0.0506329113924051,0.9,70.4678687327807,-0.54203165425
"468","NO","Malcolm Roach","right",79,1,0.0126582278481013,0.2,65.1450345533267,0.222766213
"469","NO","Pete Werner","right",79,4,0.0506329113924051,1.225,66.5416250890686,0.2100838625
"470","NO","Shy Tuttle","right",79,1,0.0126582278481013,0.5,69.2588036782143,-0.264450656
"471","NO","Tanoh Kpassagnon","right",79,2,0.0253164556962025,1.2,68.6495291622105,0.2215903985
"472","NYG","Adoree' Jackson","left",93,1,0.010752688172043,1.3,68.5626124626056,-0.038057819
"473","NYG","Azeez Ojulari","left",93,2,0.021505376344086,0.5,68.4888227986912,0.3760724765
"474","NYG","Dexter Lawrence","left",93,1,0.010752688172043,1.9,64.1979687972922,0.463020074
"475","NYG","Henry Mondeaux","left",93,1,0.010752688172043,0.9,74.2688596023451,-0.665879654
"476","NYG","Jaylon Smith","left",93,1,0.010752688172043,0.8,72.9504408691403,-5.145269467
"477","NYG","Jihad Ward","left",93,6,0.0645161290322581,0.816666666666667,70.6152177379809,0.524436319666667
"478","NYG","Justin Ellis","left",93,4,0.043010752688172,0.775,67.4849846174336,0.0642970255
"479","NYG","Kayvon Thibodeaux","left",93,4,0.043010752688172,0.7,67.0989396998763,-0.229278031
"480","NYG","Leonard Williams","left",93,2,0.021505376344086,0.6,67.5444682384699,-0.15564712
"481","NYG","Micah McFadden","left",93,1,0.010752688172043,1.7,68.3540870956795,-0.16749655
"482","NYG","Nicholas Williams","left",93,1,0.010752688172043,0.2,51.4080857752614,0.131209634
"483","NYG","Oshane Ximines","left",93,4,0.043010752688172,0.95,65.089555021845,0.1855871685
"484","NYG","Quincy Roche","left",93,1,0.010752688172043,1.3,45.5109708711971,-0.26433213
"485","NYG","Tae Crowder","left",93,2,0.021505376344086,1.45,71.2381489376108,-0.4103896325
"486","NYG","Tomon Fox","left",93,3,0.032258064516129,0.9,64.7489107731415,-0.0338915083333333
"487","NYG","Dexter Lawrence","right",38,1,0.0263157894736842,1.3,73.9342673353667,0.271135915
"488","NYG","Jihad Ward","right",38,1,0.0263157894736842,0.9,68.2797479545,-0.090182223
"489","NYG","Justin Ellis","right",38,2,0.0526315789473684,1.2,73.0708478014652,-0.458198112
"490","NYG","Kayvon Thibodeaux","right",38,3,0.0789473684210526,0.7,62.1678679047898,0.156371394
"491","NYG","Leonard Williams","right",38,1,0.0263157894736842,1.3,74.5055472201089,1.352310476
"492","NYG","Nicholas Williams","right",38,4,0.105263157894737,1.1,70.7326090604106,-0.2360080515
"493","NYG","Oshane Ximines","right",38,2,0.0526315789473684,1.15,64.827453278026,-0.397330376
"494","NYJ","C.J. Mosley","left",62,1,0.0161290322580645,1.7,60.2392729347591,-0.086271787
"495","NYJ","Carl Lawson","left",62,3,0.0483870967741935,0.6,63.7627726186,-0.00669209799999999
"496","NYJ","Jake Martin","left",62,3,0.0483870967741935,0.4,68.4989892597993,-0.172726174666667
"497","NYJ","Jermaine Johnson","left",62,1,0.0161290322580645,0.3,67.3491993324584,0.074887329
"498","NYJ","Kwon Alexander","left",62,4,0.0645161290322581,1.025,70.170967951614,-0.0096055315
"499","NYJ","Micheal Clemons","left",62,3,0.0483870967741935,0.766666666666667,70.4623793149292,-0.266505190333333
"500","NYJ","Nathan Shepherd","left",62,2,0.032258064516129,0.6,61.3349667860751,0.00573003749999999
"501","NYJ","Quincy Williams","left",62,1,0.0161290322580645,1,67.9039190163857,-0.50640439
"502","NYJ","Quinnen Williams","left",62,4,0.0645161290322581,1,73.1881059846031,-0.24943874675
"503","NYJ","C.J. Mosley","right",74,4,0.0540540540540541,1.425,69.1446856790204,-0.3769104565
"504","NYJ","Jermaine Johnson","right",74,5,0.0675675675675676,0.76,65.9175465259389,0.2715964046
"505","NYJ","John Franklin-Myers","right",74,4,0.0540540540540541,0.75,72.3228222014186,-0.4129377935
"506","NYJ","Kwon Alexander","right",74,4,0.0540540540540541,1.075,67.0131365741436,-0.116911722
"507","NYJ","Marcell Harris","right",74,1,0.0135135135135135,1.1,73.9803476368538,0.259797159
"508","NYJ","Quincy Williams","right",74,2,0.027027027027027,1.4,60.9087281393583,0.0342485625
"509","NYJ","Sheldon Rankins","right",74,4,0.0540540540540541,0.675,63.4394275322892,0.610559338
"510","NYJ","Solomon Thomas","right",74,1,0.0135135135135135,0.7,73.2721291833157,-0.230650731
"511","NYJ","Vinny Curry","right",74,2,0.027027027027027,0.4,70.4206067488074,-0.536198181
"512","PHI","Brandon Graham","left",73,1,0.0136986301369863,0.6,63.6505077885766,0.988817683
"513","PHI","Haason Reddick","left",73,3,0.0410958904109589,0.833333333333333,74.2337069349537,-0.790141676
"514","PHI","Javon Hargrave","left",73,7,0.0958904109589041,1.2,65.8787582315938,0.112689292571429
"515","PHI","Josh Sweat","left",73,6,0.0821917808219178,0.583333333333333,71.6255278919138,0.133627626833333
"516","PHI","Kyzir White","left",73,3,0.0410958904109589,0.766666666666667,64.2581135202885,0.545869961333333
"517","PHI","Marlon Tuipulotu","left",73,2,0.0273972602739726,0.55,74.3260461421945,0.957043527
"518","PHI","Milton Williams","left",73,3,0.0410958904109589,0.8,76.2640194978911,-0.219228250333333
"519","PHI","Patrick Johnson","left",73,2,0.0273972602739726,0.95,79.2308726192513,0.155815826
"520","PHI","Robert Quinn","left",73,1,0.0136986301369863,0.7,76.1853426219809,-0.41799756825
"521","PHI","Fletcher Cox","right",58,4,0.0689655172413793,0.625,68.6876452136983,-0.849758392
"522","PHI","Haason Reddick","right",58,8,0.137931034482759,0.4875,67.5684639643006,0.165359614125
"523","PHI","Javon Hargrave","right",58,1,0.0172413793103448,1.4,74.5316687809626,-0.221309631
"524","PHI","Josh Sweat","right",58,1,0.0172413793103448,0.3,68.7992473582186,-0.522171533
"525","PHI","Marlon Tuipulotu","right",58,1,0.0172413793103448,0.8,71.5243774184825,-0.303989924
"526","PHI","Milton Williams","right",58,1,0.0172413793103448,0.4,66.6840510324052,1.059050154
"527","PHI","Patrick Johnson","right",58,1,0.0172413793103448,1,77.1270267865201,-0.471379463
"528","PHI","T.J. Edwards","right",58,2,0.0344827586206897,1.5,60.7960296229147,0.1315931565
"529","PIT","Alex Highsmith","left",128,15,0.1171875,0.473333333333333,67.9160064723872,-0.0959076268666666
"530","PIT","Cameron Heyward","left",128,15,0.1171875,0.9,71.0593045999611,-0.0167925299333333
"531","PIT","Chris Wormley","left",128,3,0.0234375,0.7,69.6831213739588,-0.00952013633333332
"532","PIT","DeMarvin Leal","left",128,1,0.0078125,0.5,70.479027344819,-0.550960589
"533","PIT","Devin Bush","left",128,2,0.015625,0.85,73.4740507907881,-0.124278231
"534","PIT","Isaiahh Loudermilk","left",128,2,0.015625,0.65,72.4117130901564,0.023300662
"535","PIT","Malik Reed","left",128,1,0.0078125,0.8,68.1169490768099,0.51065774
"536","PIT","Minkah Fitzpatrick","left",128,1,0.0078125,1.3,59.3097301801711,-0.539197868
"537","PIT","Myles Jack","left",128,1,0.0078125,1,79.2564661980182,0.194429248
"538","PIT","Robert Spillane","left",128,1,0.0078125,0.5,72.6065633551331,-0.307394454
"539","PIT","Tyson Alualu","left",128,2,0.015625,1,72.5537038145136,1.132262022
"540","PIT","Alex Highsmith","right",81,1,0.0123456790123457,0.5,73.5846703232881,0.396258947
"541","PIT","Chris Wormley","right",81,1,0.0123456790123457,1.3,91.6443165394684,-0.417333856
"542","PIT","DeMarvin Leal","right",81,1,0.0123456790123457,0.4,69.2648112843953,-0.942965928
"543","PIT","Delontae Scott","right",81,1,0.0123456790123457,0.3,57.572502653346,0.687410839
"544","PIT","Devin Bush","right",81,1,0.0123456790123457,0.5,69.6086605741773,-0.620191877
"545","PIT","Isaiahh Loudermilk","right",81,1,0.0123456790123457,0.4,70.794656035499,-0.382837252
"546","PIT","Jamir Jones","right",81,1,0.0123456790123457,1,83.7796160545851,-0.49914089
"547","PIT","Larry Ogunjobi","right",81,2,0.0246913580246914,0.6,85.0307560611104,-1.2861945235
"548","PIT","Malik Reed","right",81,10,0.123456790123457,0.63,65.8934577164044,-0.0784735665
"549","PIT","Myles Jack","right",81,4,0.0493827160493827,1.4,68.8668020493314,0.0964298445
"550","PIT","Robert Spillane","right",81,1,0.0123456790123457,0.2,83.4644148980358,-0.543807899
"551","PIT","T.J. Watt","right",81,4,0.0493827160493827,1.025,72.6665186376917,-0.33684877175
"552","PIT","Tre Norwood","right",81,1,0.0123456790123457,1.5,65.4625087208597,-0.726305563
"553","SEA","Al Woods","left",94,1,0.0106382978723404,1.2,65.1798092723186,-0.013334594
"554","SEA","Boye Mafe","left",94,2,0.0212765957446809,0.95,63.883239104342,-0.0417234455
"555","SEA","Bruce Irvin","left",94,1,0.0106382978723404,0.8,73.0618604930158,-0.43446803
"556","SEA","Bryan Mone","left",94,2,0.0212765957446809,0.9,60.3848870559822,0.20023262
"557","SEA","Cody Barton","left",94,2,0.0212765957446809,1.9,60.3122241555507,-0.303086285
"558","SEA","Darryl Johnson","left",94,1,0.0106382978723404,1.2,67.5018786914376,0.971859965
"559","SEA","Jordyn Brooks","left",94,2,0.0212765957446809,1.65,62.7345256655884,0.2583541985
"560","SEA","Myles Adams","left",94,3,0.0319148936170213,1.1,72.2019707434533,-0.374492242666667
"561","SEA","Poona Ford","left",94,3,0.0319148936170213,1.3,75.6194087376996,0.428393991
"562","SEA","Shelby Harris","left",94,6,0.0638297872340425,1.18333333333333,69.0401112395766,-0.173052838833333
"563","SEA","Uchenna Nwosu","left",94,12,0.127659574468085,0.741666666666667,65.560464508672,-0.2045201325
"564","SEA","Al Woods","right",91,2,0.021978021978022,1,72.5067026126137,-0.210204378
"565","SEA","Boye Mafe","right",91,5,0.0549450549450549,0.88,66.3998589200502,-0.1379135444
"566","SEA","Bryan Mone","right",91,1,0.010989010989011,0.6,64.1883643838283,0.048581558
"567","SEA","Cody Barton","right",91,1,0.010989010989011,0.9,61.2075171158208,-1.575911284
"568","SEA","Darrell Taylor","right",91,3,0.032967032967033,0.533333333333333,64.2011836176359,0.732953204666667
"569","SEA","Darryl Johnson","right",91,1,0.010989010989011,0.6,76.5198827001451,2.094569802
"570","SEA","Jordyn Brooks","right",91,2,0.021978021978022,2,57.2828774005624,0.9872552845
"571","SEA","Myles Adams","right",91,1,0.010989010989011,1.6,63.759530921577,-0.02685078
"572","SEA","Poona Ford","right",91,7,0.0769230769230769,0.742857142857143,65.8951955769279,-0.601055381857143
"573","SEA","Quinton Jefferson","right",91,4,0.043956043956044,0.6,66.3994191845104,-0.481243261
"574","SEA","Shelby Harris","right",91,1,0.010989010989011,0.8,70.9901371343261,-0.28569335
"575","SEA","Uchenna Nwosu","right",91,3,0.032967032967033,0.866666666666667,65.4453067816558,-1.70504252033333
"576","SF","Azeez Al-Shaair","left",94,1,0.0106382978723404,1.2,72.1145980657716,-0.850204539
"577","SF","Charles Omenihu","left",94,3,0.0319148936170213,0.733333333333333,66.5070768442079,-0.520243629
"578","SF","Demetrius Flannigan-Fowles","left",94,1,0.0106382978723404,0.9,68.7516384709058,0.155324827
"579","SF","Drake Jackson","left",94,2,0.0212765957446809,0.75,75.4989845331168,-0.648012156
"580","SF","Javon Kinlaw","left",94,2,0.0212765957446809,0.65,70.4516348533136,0.667215492
"581","SF","Kemoko Turay","left",94,1,0.0106382978723404,1,59.5807646045169,-0.515705964
"582","SF","Kevin Givens","left",94,8,0.0851063829787234,0.9625,69.5610967312721,-0.357405704125
"583","SF","Nick Bosa","left",94,2,0.0212765957446809,0.8,75.3670192032786,-0.5226558175
"584","SF","Samson Ebukam","left",94,11,0.117021276595745,0.772727272727273,70.7050984332874,-0.236826628454545
"585","SF","Arik Armstead","right",85,2,0.0235294117647059,0.5,72.3828771908018,0.359169866
"586","SF","Charles Omenihu","right",85,8,0.0941176470588235,0.775,69.5010360176758,-0.299610889625
"587","SF","Demetrius Flannigan-Fowles","right",85,3,0.0352941176470588,0.766666666666667,63.7049745469197,-0.382532039333333
"588","SF","Drake Jackson","right",85,1,0.0117647058823529,1.3,72.4032923096956,0.062019316
"589","SF","Dre Greenlaw","right",85,2,0.0235294117647059,1.3,70.0380086368696,-0.568846336
"590","SF","Fred Warner","right",85,1,0.0117647058823529,0.6,56.9317517165549,-0.13143386
"591","SF","Kerry Hyder","right",85,6,0.0705882352941176,0.816666666666667,72.4530949330538,-0.779362216
"592","SF","Nick Bosa","right",85,2,0.0235294117647059,0.6,78.8153347763094,-0.4024525195
"593","SF","Oren Burks","right",85,2,0.0235294117647059,0.95,63.6132101004063,-0.05872247
"594","SF","Samson Ebukam","right",85,1,0.0117647058823529,0.6,66.8904944018961,-0.46839167
"595","SF","Tashaun Gipson","right",85,1,0.0117647058823529,1,43.7587773361233,-0.122591964
"596","TB","Anthony Nelson","left",116,11,0.0948275862068965,1.05454545454545,67.6953766129211,-0.059697246
"597","TB","Deadrin Senat","left",116,1,0.00862068965517241,0.8,62.6317701954141,1.592385077
"598","TB","Devin White","left",116,1,0.00862068965517241,1.9,56.0280247915925,0.242486924
"599","TB","Joe Tryon","left",116,8,0.0689655172413793,0.6625,69.0959101077009,-0.047763562125
"600","TB","Logan Hall","left",116,1,0.00862068965517241,1,76.526289465729,-0.360435519
"601","TB","Rakeem Nunez-Roches","left",116,4,0.0344827586206897,0.5,73.2899916581993,-0.2633528575
"602","TB","Shaquil Barrett","left",116,4,0.0344827586206897,0.6,69.4566564533392,-0.07625779025
"603","TB","Vita Vea","left",116,5,0.0431034482758621,0.68,73.9985554157291,-0.0422053008
"604","TB","William Gholston","left",116,5,0.0431034482758621,0.8,72.1824129597047,-0.175165401
"605","TB","Akiem Hicks","right",117,1,0.00854700854700855,0.9,69.0707694001852,0.731554903
"606","TB","Anthony Nelson","right",117,5,0.0427350427350427,1,63.3445034475272,-0.0201725044
"607","TB","Carl Nassib","right",117,8,0.0683760683760684,0.8,69.0688599960458,0.000248685249999991
"608","TB","Devin White","right",117,1,0.00854700854700855,1.2,75.5940607091207,-0.487833553
"609","TB","Joe Tryon","right",117,9,0.0769230769230769,0.733333333333333,63.6069622404801,-0.288557043666667
"610","TB","Lavonte David","right",117,5,0.0427350427350427,1.02,67.1602880415107,0.867464692
"611","TB","Logan Hall","right",117,1,0.00854700854700855,1.2,69.0454667866556,-0.33456652
"612","TB","Rakeem Nunez-Roches","right",117,4,0.0341880341880342,0.5,61.1127897020734,0.71661352375
"613","TB","Sean Murphy-Bunting","right",117,1,0.00854700854700855,1.2,58.3652904014005,-0.138819643
"614","TB","Shaquil Barrett","right",117,2,0.0170940170940171,0.85,62.6591976115079,-0.410907433
"615","TB","Vita Vea","right",117,2,0.0170940170940171,0.75,57.5061286072858,-0.8574645235
"616","TB","William Gholston","right",117,3,0.0256410256410256,1.1,65.7188671822939,-0.752601658333333
"617","TEN","Bud Dupree","left",43,3,0.0697674418604651,0.6,74.5210876905895,-0.552995248666667
"618","TEN","David Long","left",43,1,0.0232558139534884,0.8,78.5756255826699,-1.477107664
"619","TEN","DeMarcus Walker","left",43,1,0.0232558139534884,1.4,69.9530629681126,0.042018772
"620","TEN","Jeffery Simmons","left",43,1,0.0232558139534884,0.6,78.0503920902293,-0.555206148
"621","TEN","Joe Schobert","left",43,1,0.0232558139534884,0.3,73.7811399417322,-0.367427179
"622","TEN","Kevin Strong","left",43,3,0.0697674418604651,0.333333333333333,66.7756023992842,-0.253709324
"623","TEN","Mario Edwards","left",43,1,0.0232558139534884,0.7,73.7171631157742,-0.546070862
"624","TEN","Rashad Weaver","left",43,3,0.0697674418604651,0.633333333333333,68.5458257767937,-0.261338453666667
"625","TEN","Teair Tart","left",43,2,0.0465116279069767,0.95,76.5658653425766,0.9368927205
"626","TEN","Amani Hooker","right",37,1,0.027027027027027,2.9,59.365546504994,0.381430454
"627","TEN","Bud Dupree","right",37,2,0.0540540540540541,0.9,73.5822908307513,-0.626792349
"628","TEN","Denico Autry","right",37,3,0.0810810810810811,0.966666666666667,64.7278269669715,0.082328096
"629","TEN","Jeffery Simmons","right",37,2,0.0540540540540541,0.85,68.2064878164697,-0.074543376
"630","TEN","Rashad Weaver","right",37,5,0.135135135135135,0.72,68.4234759535069,-0.23991284
"631","TEN","Sam Okuayinonu","right",37,1,0.027027027027027,0.9,64.5751222732386,-0.250798429
"632","WAS","Casey Toohill","left",97,3,0.0309278350515464,0.5,64.8775874181697,0.745190235666667
"633","WAS","Cole Holcomb","left",97,1,0.0103092783505155,1.4,60.922795497369,0.240983623
"634","WAS","Efe Obada","left",97,4,0.0412371134020619,0.55,69.3999869087108,-0.29844287
"635","WAS","Jamin Davis","left",97,3,0.0309278350515464,0.966666666666667,72.8161608588107,-0.406935239333333
"636","WAS","Jonathan Allen","left",97,9,0.0927835051546392,0.855555555555556,69.857228369236,0.287157730777778
"637","WAS","Kendall Fuller","left",97,1,0.0103092783505155,0.9,66.0526773559056,-0.465867237
"638","WAS","Montez Sweat","left",97,13,0.134020618556701,0.646153846153846,67.399179166747,-0.201868250769231
"639","WAS","William Bradley-King","left",97,2,0.0206185567010309,0.5,72.7784455948914,-0.686867515
"640","WAS","Benning Potoa'e","right",86,1,0.0116279069767442,1.1,68.7472613202414,-0.068714133
"641","WAS","Casey Toohill","right",86,1,0.0116279069767442,2,67.3803543833542,-0.235240717
"642","WAS","Cole Holcomb","right",86,1,0.0116279069767442,0.9,70.2176824264706,-0.504018149
"643","WAS","Daron Payne","right",86,11,0.127906976744186,0.672727272727273,70.6426653390056,-0.206260563909091
"644","WAS","Efe Obada","right",86,3,0.0348837209302326,0.666666666666667,63.9433210351216,-0.158457986
"645","WAS","James Smith-Williams","right",86,8,0.0930232558139535,0.4125,63.8950701039852,-0.2247294125
"646","WAS","Jamin Davis","right",86,1,0.0116279069767442,0.3,45.5598337905708,-1.764690571
"647","WAS","John Ridgeway","right",86,1,0.0116279069767442,1.4,81.2757245613414,-0.015903541
"648","WAS","Montez Sweat","right",86,5,0.0581395348837209,0.44,69.5236881751093,-1.0071236466
"649","WAS","Shaka Toney","right",86,1,0.0116279069767442,0.5,76.2876357874856,-1.757395519
